<?xml version="1.0" encoding="UTF-8"?>
<addon id="script.module.donnie" name="donnie" provider-name="DudeHere" version="0.3.13">
    <requires>
        <import addon="xbmc.python" version="2.1.0" />
        <import addon="script.module.elementtree" version="1.2.7" />
        <import addon="script.module.t0mm0.common" version="1.1.0" />
        <import addon="script.module.myconnpy" version="0.3.2" />
    </requires>
    <extension library="lib" point="xbmc.python.module" />
    <extension point="xbmc.addon.metadata">
        <platform>all</platform>
        <summary lang="en">The Royal We services.</summary>
    </extension>
</addon>
