<?xml version="1.0" encoding="UTF-8" standalone="yes"?>
<addon id="script.module.pysqlite2.xbox" name="Python SQLite2 library for XBOX" version="1.0.0" provider-name="Gerhard Haring">
    <requires>
        <import addon="xbmc.python" version="1.0"/>
    </requires>
    <extension point="xbmc.python.module" library="lib"/>
    <extension point="xbmc.addon.metadata">
        <platform>xbox</platform>
        <summary lang="en">pysqlite2/dbapi2.py: the DB-API 2.0 interface for XBOX</summary>
        <description lang="en">pysqlite2/dbapi2.py: the DB-API 2.0 interface for XBOX</description>
    </extension>
</addon>
