<?xml version="1.0" encoding="UTF-8" standalone="yes"?>
<addon id="script.module.xbmcutil" name="XBMC Utility Pack" provider-name="willforde" version="2.0.4">
	<requires>
		<import addon="xbmc.python" version="2.1.0"/>
		<import addon="script.module.parsedom" version="2.5.1"/>
		<import addon="script.module.simple.downloader" version="1.9.4"/>
	</requires>
	<extension library="lib" point="xbmc.python.module"/>
	<extension point="xbmc.addon.metadata">
		<language>en</language>
		<platform>all</platform>
		<summary lang="en">XBMC Utility Pack</summary>
		<description lang="en">Control Pack for Class Integration</description>
		<license>GNU GENERAL PUBLIC LICENSE. Version 3, June 2007</license>
		<email>willforde+xbmc@gmail.com</email>
		<source>https://github.com/willforde/script.module.xbmcutil</source>
	</extension>
</addon>