<?xml version="1.0" encoding="UTF-8" standalone="yes"?>
<addon id="script.service.radiovis"
       name="RadioVIS Service"
       version="0.2.1"
       provider-name="Backend-Systems.net (Janek Ilgner)">
    <requires>
        <import addon="xbmc.python" version="2.1.0"/>
    </requires>
    <extension point="xbmc.service"
             library="addon.py" start="startup"/>
    <extension point="xbmc.addon.metadata">
        <summary lang="en">RadioVIS</summary>
        <description lang="en">VISUALIZED RADIO: Basic implementation of RadioVIS functionality from the RadioDNS standard. By now, only IP topics (icy-url) are handled. For further information visit http://www.radiodns.org or http://www.radiodns.info </description>
        <license>GPL 2.0</license>
        <platform>all</platform>
        <language></language>
		<website>http://www.myradiodns.com</website>
		<email>xbmc@myradiodns.com</email>
    </extension>
</addon>
