<?xml version="1.0" encoding="UTF-8" standalone="yes"?>
<addon id="script.module.decorator"
       name="decorator"
       version="3.4.0"
       provider-name="Valentin-Costel Hăloiu">
  <requires>
    <import addon="xbmc.python" version="2.1.0"/>
  </requires>
  <extension point="xbmc.python.module"
             library="lib" />
  <extension point="xbmc.addon.metadata">
    <summary>Python decorator library</summary>
    <description>Packed for XBMC from http://code.google.com/p/micheles/source/browse/decorator</description>
    <license>BSD</license>
    <platform>all</platform>
	<source>http://code.google.com/p/micheles/source/browse/decorator</source>
  </extension>
</addon>
