<?xml version="1.0" encoding="UTF-8" standalone="yes"?>
<addon id="script.module.pymysql"
       name="PyMySQL"
       version="0.5" 
       provider-name="yutaka matsubara ,Pete Hunt (https://github.com/petehunt/PyMySQL/)">
  <requires>
    <import addon="xbmc.python" version="2.0"/>
  </requires>
  <extension point="xbmc.python.module"
             library="lib" />
  <extension point="xbmc.addon.metadata">
    <summary lang="en">Pure Python MySQL Driver</summary>
    <description lang="en">Pure Python MySQL Driver</description>
    <platform>all</platform>
    <license>MIT</license>
  </extension>
</addon>
