<?xml version="1.0" encoding="UTF-8"?>
<addon id="script.module.universal"
       name="Universal - An Addons Toolkit"
       version="0.0.4"
       provider-name="the-one">
  <requires>
    <import addon="xbmc.python" version="2.0"/>
	<import addon="script.module.t0mm0.common" version="0.0.1"/>
  </requires>
  <extension library="default.py" point="xbmc.service"  start="startup"/>
  <extension point="xbmc.python.module" library="lib" />
  <extension point="xbmc.addon.metadata">
    <summary lang="en">Universal - An Addons Toolkit</summary>
    <description lang="en">Collection of common functionality for addons including favorites, watch-history, etc.[CR][CR][COLOR orange]Support[/COLOR] @ [COLOR blue]www.[B]XBMCHUB[/B].com[/COLOR][CR][CR][COLOR orange][B]Credits[/B][/COLOR][CR]     [COLOR blue]Mikey1234:[/COLOR] Google Analytics Code[CR]     [COLOR blue]The_Silencer:[/COLOR] Favorites Testing and Quality Assurance[CR]     [COLOR blue]Mash2K3:[/COLOR] Watch History Testing and Quality Assurance[CR]     [COLOR blue]MediaPi:[/COLOR] Watch History Concept</description>
    <platform>all</platform>
  </extension>
</addon>
