<?xml version="1.0" encoding="UTF-8" standalone="yes"?>
<addon id="script.module.unidecode" name="unidecode" version="0.4.14" provider-name="Unfledged">
	<requires>
		<import addon="xbmc.python" version="2.1.0"/>
	</requires>
	<extension point="xbmc.python.module" library="lib" />
	<extension point="xbmc.addon.metadata">
		<platform>all</platform>
		<language></language>
		<summary lang="en">ASCII transliterations of Unicode text by Sean M. Burke and Tomaz Solc</summary>
		<description lang="en">ASCII transliterations of Unicode text by Sean M. Burke and Tomaz Solc</description>
		<disclaimer lang="en">Code taken from https://pypi.python.org/pypi/Unidecode</disclaimer>
		<license>GNU General Public License v.2</license>
		<website>https://pypi.python.org/pypi/Unidecode</website>
		<source>https://pypi.python.org/pypi/Unidecode</source>
	</extension>
</addon>
