<?xml version="1.0" encoding="UTF-8" standalone="yes"?>
<addon id="service.trailer.screensaver"
       name="Trailer Screensaver Service"
       version="1.0.1"
       provider-name="kzeleny">
  <requires>
    <import addon="xbmc.python" version="2.1.0"/>
	<import addon="xbmc.addon"					version="12.0.0"/>
    <import addon="script.module.simplejson"	version="2.0.10"/>
  </requires>
  <extension point="xbmc.service"
             library="default.py" start="login">
  </extension>
  <extension point="xbmc.addon.metadata">
    <summary lang="en">Screensaver Service</summary>
    <description lang="en">Script to display random trailers from users library instead of screensaver, Set XBMC Screensaver to none when using this addon.</description>
    <platform>all</platform>
	<language>en</language>
	<license>GNU GENERAL PUBLIC LICENSE. Version 2, June 1991</license>
	<forum></forum>
    <website></website>
    <email>kzeleny@gmail.com</email>
    <source>"https://github.com/kzeleny/service.trailer.screensaver"</source>
  </extension>
</addon>
